City_ID,City,Country,Date,Lat,Lng,Max Temp,Humidity,Cloudiness,Wind Speed
0,Upernavik,GL,2022-11-21 19:06:52,72.7868,-56.1549,8.08,95,81,6.08
1,Bellary,IN,2022-11-21 19:02:29,15.15,76.9333,66.76,81,100,5.39
2,Rikitea,PF,2022-11-21 19:06:53,-23.1203,-134.9692,72.03,85,92,11.01
3,Mogadishu,SO,2022-11-21 19:06:53,2.0371,45.3438,79.3,78,11,10.94
4,Saint-Philippe,RE,2022-11-21 19:06:54,-21.3585,55.7679,74.79,78,13,4.79
5,Nikolskoye,RU,2022-11-21 19:06:54,59.7035,30.7861,19.29,90,89,4.25
6,Hilo,US,2022-11-21 19:06:54,19.7297,-155.09,74.93,82,75,6.91
7,Atuona,PF,2022-11-21 19:06:55,-9.8,-139.0333,77.5,67,11,17.45
8,Alofi,NU,2022-11-21 19:06:55,-19.0595,-169.9187,77.52,76,100,18.05
9,High Level,CA,2022-11-21 19:05:09,58.5169,-117.136,31.08,81,6,2.26
10,Kavieng,PG,2022-11-21 19:06:55,-2.5744,150.7967,82.15,76,32,8.75
11,Barkly West,ZA,2022-11-21 19:06:56,-28.5354,24.5215,80.53,20,100,7.09
12,Mayumba,GA,2022-11-21 19:06:56,-3.432,10.6554,75.69,91,74,5.5
13,Kulhudhuffushi,MV,2022-11-21 19:06:56,6.6221,73.07,81.54,63,30,11.61
14,Punta Arenas,CL,2022-11-21 19:06:57,-53.15,-70.9167,48.31,81,100,10.36
15,Chokurdakh,RU,2022-11-21 19:06:57,70.6333,147.9167,-23.21,99,100,1.57
16,Puerto Ayora,EC,2022-11-21 19:06:57,-0.7393,-90.3518,78.76,97,86,10.0
17,Avarua,CK,2022-11-21 19:06:58,-21.2078,-159.775,75.25,64,75,13.8
18,Laguna,US,2022-11-21 19:06:58,38.421,-121.4238,64.09,51,0,0.0
19,Saint George,US,2022-11-21 19:02:06,37.1041,-113.5841,51.44,31,0,0.0
20,Marrakesh,MA,2022-11-21 19:06:58,31.6315,-8.0083,69.87,43,0,4.61
21,Tiksi,RU,2022-11-21 19:06:59,71.6872,128.8694,-22.92,100,84,3.44
22,Ushuaia,AR,2022-11-21 19:06:59,-54.8,-68.3,55.02,54,75,13.8
23,Khatanga,RU,2022-11-21 19:06:59,71.9667,102.5,-37.95,100,68,1.45
24,Coahuayana,MX,2022-11-21 19:07:00,18.7333,-103.6833,87.94,54,92,5.03
25,Hermanus,ZA,2022-11-21 19:07:00,-34.4187,19.2345,64.8,73,74,3.78
26,Kahului,US,2022-11-21 19:04:52,20.8947,-156.47,78.82,78,40,17.27
27,Pisco,PE,2022-11-21 19:05:28,-13.7,-76.2167,68.05,83,20,12.66
28,Qaqortoq,GL,2022-11-21 19:07:01,60.7167,-46.0333,15.22,91,17,6.2
29,Doctor Arroyo,MX,2022-11-21 19:07:01,23.6667,-100.1833,58.44,76,100,7.96
30,Beloha,MG,2022-11-21 19:07:01,-25.1667,45.05,65.7,65,5,4.83
31,Port Hardy,CA,2022-11-21 19:07:02,50.6996,-127.4199,45.72,84,100,14.63
32,Porto Novo,BJ,2022-11-21 19:07:02,6.4965,2.6036,80.26,81,84,8.59
33,Tabuk,PH,2022-11-21 19:07:02,17.4189,121.4443,72.18,92,87,3.6
34,Kapaa,US,2022-11-21 19:06:11,22.0752,-159.319,79.12,73,20,21.85
35,Georgetown,MY,2022-11-21 19:05:24,5.4112,100.3354,81.23,86,20,0.0
36,Bredasdorp,ZA,2022-11-21 19:07:03,-34.5322,20.0403,61.25,70,100,4.16
37,Torbay,CA,2022-11-21 19:05:44,47.6666,-52.7314,36.75,81,98,14.0
38,Naze,JP,2022-11-21 19:07:04,28.3667,129.4833,68.54,75,3,6.15
39,Orbetello,IT,2022-11-21 19:07:04,42.4408,11.2196,57.16,74,100,8.55
40,Luderitz,NA,2022-11-21 19:07:04,-26.6481,15.1594,64.69,75,10,8.01
41,Ust-Kuyga,RU,2022-11-21 19:07:05,70.0167,135.6,-33.86,100,98,3.83
42,Port Lincoln,AU,2022-11-21 19:07:05,-34.7333,135.8667,54.09,72,79,11.48
43,Mataura,NZ,2022-11-21 19:07:05,-46.1927,168.8643,51.48,84,57,3.06
44,Maldonado,UY,2022-11-21 19:02:22,-34.6667,-54.9167,65.59,98,100,4.16
45,Clyde River,CA,2022-11-21 19:08:06,70.4692,-68.5914,-12.33,76,98,4.99
46,Schwarzenbek,DE,2022-11-21 19:08:06,53.5,10.4833,29.98,96,12,1.01
47,Tura,IN,2022-11-21 19:08:07,25.5198,90.2201,60.17,89,9,3.83
48,Hasaki,JP,2022-11-21 19:08:07,35.7333,140.8333,52.21,82,8,10.47
49,Victoria,HK,2022-11-21 19:04:04,22.2855,114.1577,75.38,88,100,15.01
50,Koslan,RU,2022-11-21 19:08:07,63.4564,48.8989,17.69,99,96,2.46
51,Marsh Harbour,BS,2022-11-21 19:05:43,26.5412,-77.0636,78.46,77,100,18.05
52,Sitka,US,2022-11-21 19:08:08,57.0531,-135.33,46.29,76,100,17.27
53,Tuktoyaktuk,CA,2022-11-21 19:03:21,69.4541,-133.0374,15.8,92,100,4.61
54,Dalvik,IS,2022-11-21 19:08:09,65.9702,-18.5286,36.12,83,29,9.01
55,Morrope,PE,2022-11-21 19:08:09,-6.5417,-80.0111,73.51,47,6,13.96
56,San Policarpo,PH,2022-11-21 19:08:09,12.1791,125.5072,80.2,84,52,10.36
57,Arraial Do Cabo,BR,2022-11-21 19:08:10,-22.9661,-42.0278,78.66,69,40,23.02
58,Parrita,CR,2022-11-21 19:08:11,9.5201,-84.3225,80.74,82,100,3.04
59,Albany,US,2022-11-21 19:07:11,42.6001,-73.9662,39.25,44,4,5.01
60,Orange Cove,US,2022-11-21 19:08:11,36.6244,-119.3137,66.61,38,0,4.61
61,Barrow,US,2022-11-21 19:04:23,71.2906,-156.7887,19.42,73,100,20.71
62,Lebu,CL,2022-11-21 19:08:11,-37.6167,-73.65,60.4,60,0,20.96
63,Horadiz,AZ,2022-11-21 19:08:12,39.4488,47.3353,57.97,52,99,3.83
64,Port Alfred,ZA,2022-11-21 19:08:12,-33.5906,26.891,68.18,88,24,4.0
65,Los Llanos De Aridane,ES,2022-11-21 19:08:12,28.6585,-17.9182,67.75,80,75,11.01
66,Kodiak,US,2022-11-21 19:08:13,57.79,-152.4072,35.11,100,100,4.61
67,Saskylakh,RU,2022-11-21 19:08:13,71.9167,114.0833,-32.64,99,78,4.79
68,Cherskiy,RU,2022-11-21 19:08:14,68.75,161.3,-32.17,100,95,3.29
69,Tulum,MX,2022-11-21 19:08:14,20.2167,-87.4667,84.18,66,99,4.36
70,Cape Town,ZA,2022-11-21 19:08:14,-33.9258,18.4232,66.09,63,100,5.99
71,Salalah,OM,2022-11-21 19:08:15,17.0151,54.0924,78.89,69,0,5.75
72,Kaabong,UG,2022-11-21 19:08:15,3.4836,34.1492,72.21,45,56,9.78
73,Lagoa,PT,2022-11-21 19:08:15,39.05,-27.9833,64.45,91,100,29.44
74,College,US,2022-11-21 19:04:00,64.8569,-147.8028,16.59,87,75,0.0
75,Hithadhoo,MV,2022-11-21 19:08:16,-0.6,73.0833,80.82,78,15,10.85
76,Petropavlovsk-Kamchatskiy,RU,2022-11-21 19:08:16,53.0452,158.6483,23.59,93,100,0.0
77,Kristiinankaupunki,FI,2022-11-21 19:08:16,62.2743,21.376,28.04,79,100,13.98
78,Jamestown,US,2022-11-21 19:07:23,42.097,-79.2353,42.39,45,0,19.57
79,Cape Coast,GH,2022-11-21 19:08:17,5.1053,-1.2466,79.74,81,28,11.54
80,Carnarvon,AU,2022-11-21 19:08:17,-24.8667,113.6333,73.54,57,66,11.03
81,Padang,ID,2022-11-21 19:06:53,-0.9492,100.3543,75.81,86,96,3.31
82,San Cristobal,VE,2022-11-21 19:08:18,7.7669,-72.225,73.58,71,91,0.31
83,Opuwo,NA,2022-11-21 19:08:18,-18.0607,13.84,74.01,50,36,11.61
84,Diapaga,BF,2022-11-21 19:08:19,12.0708,1.7889,81.09,15,92,6.71
85,Vila Velha,BR,2022-11-21 19:06:16,-20.3297,-40.2925,75.15,91,100,5.75
86,Thinadhoo,MV,2022-11-21 19:08:19,0.5333,72.9333,81.55,75,98,14.54
87,Busselton,AU,2022-11-21 19:08:19,-33.65,115.3333,55.4,71,0,12.73
88,Bonfim,BR,2022-11-21 19:08:20,3.0833,-59.95,88.41,51,81,10.09
89,Camacari,BR,2022-11-21 19:08:23,-12.6975,-38.3242,82.17,68,64,9.31
90,Vyazemskiy,RU,2022-11-21 19:09:20,47.5378,134.7525,17.22,69,6,10.0
91,Lloydminster,CA,2022-11-21 19:08:58,53.2835,-110.0016,32.27,88,29,12.71
92,Bafra,TR,2022-11-21 19:09:21,41.5678,35.9069,70.72,39,100,10.04
93,Butaritari,KI,2022-11-21 19:09:21,3.0707,172.7902,80.44,82,29,16.98
94,Christchurch,NZ,2022-11-21 19:04:44,-43.5333,172.6333,60.91,50,100,9.22
95,Arkadelphia,US,2022-11-21 19:09:21,34.1209,-93.0538,54.57,39,100,0.0
96,Hobart,AU,2022-11-21 19:09:22,-42.8794,147.3294,43.05,81,75,14.97
97,Tautira,PF,2022-11-21 19:09:22,-17.7333,-149.15,77.11,80,38,13.76
98,Mkuranga,TZ,2022-11-21 19:09:23,-7.118,39.2078,75.24,91,89,5.75
99,Ammon,US,2022-11-21 19:08:29,43.4696,-111.9666,29.34,56,0,1.01
100,Gazanjyk,TM,2022-11-21 19:09:23,39.2446,55.5154,59.56,51,13,9.51
101,Viransehir,TR,2022-11-21 19:09:23,37.2353,39.7631,57.79,54,100,4.76
102,Tulle,FR,2022-11-21 19:09:24,45.3333,1.8333,42.98,96,98,7.45
103,Codrington,AU,2022-11-21 19:09:24,-38.2667,141.9667,51.4,82,100,18.92
104,Gamba,GA,2022-11-21 19:09:25,-2.65,10.0,75.11,89,92,4.05
105,Chokwe,MZ,2022-11-21 19:08:11,-24.5333,32.9833,71.74,53,0,9.08
106,Tilichiki,RU,2022-11-21 19:09:25,60.4667,166.1,2.03,98,100,9.75
107,Aklavik,CA,2022-11-21 19:09:25,68.2191,-135.0107,1.9,99,84,2.26
108,Tocopilla,CL,2022-11-21 19:09:26,-22.092,-70.1979,68.88,62,21,5.23
109,Sept-Iles,CA,2022-11-21 19:09:26,50.2001,-66.3821,28.06,70,36,8.99
110,Vestmanna,FO,2022-11-21 19:09:27,62.1564,-7.1664,38.32,75,40,1.14
111,Narathiwat,TH,2022-11-21 19:09:27,6.3333,101.75,74.84,90,100,5.37
112,Bethel,US,2022-11-21 19:09:27,41.3712,-73.414,40.55,41,0,12.66
113,Solnechnyy,RU,2022-11-21 19:09:28,50.7214,136.6319,13.42,90,90,1.34
114,Nome,US,2022-11-21 19:09:28,64.5011,-165.4064,26.67,93,100,0.0
115,Mumford,GH,2022-11-21 19:09:28,5.2618,-0.759,79.61,83,83,9.66
116,Bay Roberts,CA,2022-11-21 19:09:29,47.5999,-53.2648,37.51,75,100,17.0
117,Merauke,ID,2022-11-21 19:09:29,-8.4667,140.3333,78.6,88,47,6.13
118,Chuy,UY,2022-11-21 19:09:30,-33.6971,-53.4616,68.7,92,100,7.43
119,Auki,SB,2022-11-21 19:09:30,-8.7676,160.7034,76.48,84,34,4.23
120,Alice Springs,AU,2022-11-21 19:09:30,-23.7,133.8833,65.75,52,75,0.0
121,Makkaveyevo,RU,2022-11-21 19:09:30,51.7533,113.9454,7.14,90,100,0.72
122,Trat,TH,2022-11-21 19:09:31,12.5,102.5,80.87,94,94,4.25
123,Ulladulla,AU,2022-11-21 19:09:31,-35.35,150.4667,50.81,51,0,15.14
124,Bluff,NZ,2022-11-21 19:09:32,-46.6,168.3333,51.8,76,71,8.9
125,Vardo,NO,2022-11-21 19:09:32,70.3705,31.1107,35.58,87,75,6.91
126,Hervey Bay,AU,2022-11-21 19:09:32,-25.2986,152.8535,71.96,46,100,11.25
127,Vao,NC,2022-11-21 19:09:33,-22.6667,167.4833,76.33,82,83,11.16
128,Carahue,CL,2022-11-21 19:09:33,-38.7,-73.1667,67.71,33,0,9.46
129,Toledo,ES,2022-11-21 19:09:33,39.8333,-4.0,55.31,73,2,28.25
130,Te Anau,NZ,2022-11-21 19:09:34,-45.4167,167.7167,51.1,94,87,5.53
131,Ahipara,NZ,2022-11-21 19:09:34,-35.1667,173.1667,64.62,97,97,12.01
132,Vaini,TO,2022-11-21 19:09:34,-21.2,-175.2,75.36,88,20,9.22
133,Mahebourg,MU,2022-11-21 19:09:35,-20.4081,57.7,75.25,73,0,8.5
134,Varazdin,HR,2022-11-21 19:09:35,46.3044,16.3378,37.8,71,0,4.54
135,Yellowknife,CA,2022-11-21 19:06:01,62.456,-114.3525,19.78,97,98,1.21
136,Pingliang,CN,2022-11-21 19:10:36,35.5392,106.6861,35.87,68,4,2.24
137,Newburgh,US,2022-11-21 19:06:40,41.5034,-74.0104,42.13,32,20,12.66
138,Sheridan,US,2022-11-21 19:10:36,44.8333,-106.9173,41.45,43,0,4.61
139,Ewa Beach,US,2022-11-21 19:10:36,21.3156,-158.0072,80.55,58,0,18.41
140,Qaanaaq,GL,2022-11-21 19:10:37,77.484,-69.3632,-8.25,76,97,4.65
141,Grindavik,IS,2022-11-21 19:10:37,63.8424,-22.4338,43.27,87,75,20.71
142,Severo-Kurilsk,RU,2022-11-21 19:10:37,50.6789,156.125,41.02,85,100,20.31
143,Anadyr,RU,2022-11-21 19:10:38,64.75,177.4833,-21.96,91,18,11.27
144,Syracuse,IT,2022-11-21 19:10:38,37.0881,15.2792,58.37,68,11,15.14
145,Bengkulu,ID,2022-11-21 19:10:08,-3.8004,102.2655,74.66,90,79,5.21
146,Namatanai,PG,2022-11-21 19:10:38,-3.6667,152.4333,79.27,81,33,6.42
147,Sioux Lookout,CA,2022-11-21 19:10:37,50.1001,-91.917,20.84,72,100,7.78
148,Evensk,RU,2022-11-21 19:10:39,61.95,159.2333,12.65,72,100,16.28
149,Toppenish,US,2022-11-21 19:10:39,46.3774,-120.3087,35.37,43,60,0.94
150,Sfantu Gheorghe,RO,2022-11-21 19:07:59,45.8667,25.7833,38.93,93,100,9.6
151,Wagga Wagga,AU,2022-11-21 19:10:40,-35.1167,147.3667,42.85,78,36,12.48
152,Klaksvik,FO,2022-11-21 19:10:40,62.2266,-6.589,40.12,68,97,21.43
153,Stornoway,GB,2022-11-21 19:10:41,58.2093,-6.3865,46.36,77,20,14.97
154,Vermilion,US,2022-11-21 19:10:41,40.1667,-87.7506,50.59,35,0,16.11
155,Dikson,RU,2022-11-21 19:10:41,73.5069,80.5464,-24.68,96,7,3.76
156,Castro,BR,2022-11-21 19:10:41,-24.7911,-50.0119,79.93,43,100,8.19
157,Okhotsk,RU,2022-11-21 19:10:42,59.3833,143.3,17.46,77,100,14.41
158,Qasigiannguit,GL,2022-11-21 19:10:42,68.8193,-51.1922,16.05,90,77,4.36
159,East London,ZA,2022-11-21 19:10:37,-33.0153,27.9116,70.83,80,6,7.63
160,Gigmoto,PH,2022-11-21 19:10:44,13.7796,124.39,79.95,88,99,10.29
161,Hamilton,US,2022-11-21 19:06:11,39.1834,-84.5333,49.1,28,0,12.66
162,Sindal,DK,2022-11-21 19:10:44,57.4712,10.2031,29.93,82,77,5.17
163,Hofn,IS,2022-11-21 19:10:44,64.2539,-15.2082,42.82,81,75,6.91
164,Ngawen,ID,2022-11-21 19:10:45,-7.0032,111.3129,74.93,89,99,7.23
165,Emba,KZ,2022-11-21 19:10:45,48.8264,58.1442,34.03,100,100,2.21
166,Karaman,TR,2022-11-21 19:10:45,37.0833,33.25,50.02,64,100,13.76
167,Camacupa,AO,2022-11-21 19:10:46,-12.0167,17.4833,61.36,96,96,3.85
168,Tolaga Bay,NZ,2022-11-21 19:10:46,-38.3667,178.3,64.74,56,0,6.02
169,Jiaocheng,CN,2022-11-21 19:10:46,24.6774,116.1389,70.86,87,100,1.77
170,Vila Franca Do Campo,PT,2022-11-21 19:10:47,37.7167,-25.4333,68.2,91,100,12.88
171,Callaway,US,2022-11-21 19:10:47,30.153,-85.5699,68.92,59,75,9.22
172,Kholm-Zhirkovskiy,RU,2022-11-21 19:10:47,55.5189,33.4731,23.13,93,100,11.65
173,Rajshahi,BD,2022-11-21 19:06:43,24.3667,88.6,65.25,46,100,6.06
174,Northam,GB,2022-11-21 19:10:48,51.0333,-4.2167,47.61,74,5,19.71
175,Muros,ES,2022-11-21 19:10:48,42.7762,-9.0603,49.08,86,63,18.66
176,Gao,ML,2022-11-21 19:10:49,16.6362,1.637,78.91,10,100,9.42
177,Mar Del Plata,AR,2022-11-21 19:10:49,-38.0023,-57.5575,61.09,92,100,18.01
178,Bilma,NE,2022-11-21 19:10:49,18.6853,12.9164,72.57,12,40,10.4
179,Cabatuan,PH,2022-11-21 19:10:50,10.8794,122.486,74.82,90,100,5.84
180,Salitrillo,MX,2022-11-21 19:10:50,19.4333,-99.85,64.45,61,98,2.08
181,Pozzallo,IT,2022-11-21 19:10:50,36.7305,14.8499,59.65,75,37,15.01
182,New Norfolk,AU,2022-11-21 19:10:51,-42.7826,147.0587,42.71,80,73,1.01
183,Isangel,VU,2022-11-21 19:11:51,-19.55,169.2667,79.63,79,8,3.83
184,Ostrovnoy,RU,2022-11-21 19:11:51,68.0531,39.5131,32.11,94,100,6.76
185,Carutapera,BR,2022-11-21 19:11:52,-1.195,-46.02,83.97,65,100,8.75
186,Shitanjing,CN,2022-11-21 19:11:52,39.2342,106.3439,34.95,48,70,3.04
187,Bonthe,SL,2022-11-21 19:11:53,7.5264,-12.505,80.65,75,100,5.41
188,Faanui,PF,2022-11-21 19:11:53,-16.4833,-151.75,79.14,74,59,15.46
189,Berlevag,NO,2022-11-21 19:11:53,70.8578,29.0864,39.15,81,75,10.36
190,Provideniya,RU,2022-11-21 19:11:54,64.3833,-173.3,9.7,94,100,10.22
191,Constitucion,CL,2022-11-21 19:11:54,-35.3333,-72.4167,69.44,48,4,19.64
192,Teya,RU,2022-11-21 19:11:54,60.3778,92.6267,-23.87,100,89,3.89
193,Russell,US,2022-11-21 19:11:55,32.3502,-85.1999,61.97,33,0,4.61
194,Ancud,CL,2022-11-21 19:11:55,-41.8697,-73.8203,57.79,52,68,10.76
195,Bathsheba,BB,2022-11-21 19:11:55,13.2167,-59.5167,79.41,83,75,21.85
196,Bambous Virieux,MU,2022-11-21 19:11:56,-20.3428,57.7575,75.22,73,0,8.55
197,Punta Alta,AR,2022-11-21 19:11:56,-38.8759,-62.0736,67.53,51,1,15.05
198,Sakmara,RU,2022-11-21 19:11:57,51.9844,55.3338,26.62,92,100,3.31
199,Kiama,AU,2022-11-21 19:11:57,-34.6833,150.8667,53.38,58,2,21.99
200,Itarema,BR,2022-11-21 19:11:58,-2.9248,-39.9167,83.57,63,99,18.3
201,Kaitangata,NZ,2022-11-21 19:11:58,-46.2817,169.8464,54.45,64,35,4.23
202,Yucca Valley,US,2022-11-21 19:10:24,34.1142,-116.4322,66.2,15,48,5.99
203,Nuristan,AF,2022-11-21 19:11:58,35.3,70.8333,13.77,50,0,13.87
204,Longyearbyen,SJ,2022-11-21 19:11:59,78.2186,15.6401,37.24,81,75,12.66
205,Miaoli,TW,2022-11-21 19:11:59,24.5643,120.8237,79.95,81,100,2.64
206,Cayenne,GF,2022-11-21 19:11:59,4.9333,-52.3333,86.04,66,20,11.5
207,Tigil,RU,2022-11-21 19:12:00,57.8,158.6667,27.66,93,100,7.31
208,Linfen,CN,2022-11-21 19:12:00,36.0889,111.5189,49.95,86,100,1.25
209,Rio Grande,BR,2022-11-21 19:12:00,-32.035,-52.0986,84.31,73,100,6.44
210,Nanortalik,GL,2022-11-21 19:12:01,60.1432,-45.2371,24.13,85,22,10.36
211,Micheweni,TZ,2022-11-21 19:12:01,-4.9667,39.8333,79.56,86,100,10.42
212,Lavrentiya,RU,2022-11-21 19:12:01,65.5833,-171.0,12.61,75,100,19.93
213,Cidreira,BR,2022-11-21 19:12:02,-30.1811,-50.2056,73.69,80,100,12.44
214,Kota Kinabalu,MY,2022-11-21 19:12:02,5.9749,116.0724,73.38,100,40,4.61
215,Yar-Sale,RU,2022-11-21 19:12:03,66.8333,70.8333,-9.67,97,97,15.41
216,Coquimbo,CL,2022-11-21 19:12:03,-29.9533,-71.3436,62.33,72,40,11.5
217,Okmulgee,US,2022-11-21 19:09:53,35.6234,-95.9605,57.09,32,0,9.22
218,Maamba,ZM,2022-11-21 19:12:03,-17.3667,27.15,79.66,44,3,3.38
219,Kupang,ID,2022-11-21 19:12:04,-10.1667,123.5833,78.22,83,64,3.53
220,Norman Wells,CA,2022-11-21 19:12:04,65.282,-126.8329,15.93,93,82,4.97
221,Dunedin,NZ,2022-11-21 19:12:04,-45.8742,170.5036,57.79,74,49,5.91
222,Marawi,PH,2022-11-21 19:12:05,7.9986,124.2928,68.02,92,100,2.57
223,Poronaysk,RU,2022-11-21 19:09:11,49.2167,143.1167,28.18,73,100,10.74
224,Kununurra,AU,2022-11-21 19:13:05,-15.7667,128.7333,76.98,88,100,4.61
225,Tarnogskiy Gorodok,RU,2022-11-21 19:13:06,60.4997,43.5761,10.98,95,5,1.28
226,Zhigansk,RU,2022-11-21 19:13:06,66.7697,123.3711,-31.94,100,91,0.25
227,Raudeberg,NO,2022-11-21 19:13:06,61.9875,5.1352,36.27,43,0,10.04
228,Samarai,PG,2022-11-21 19:13:07,-10.6167,150.6667,80.78,79,100,5.82
229,Pacific Grove,US,2022-11-21 19:13:07,36.6177,-121.9166,66.38,43,0,3.44
230,Vung Tau,VN,2022-11-21 19:13:07,10.346,107.0843,78.1,87,100,6.89
231,Harnosand,SE,2022-11-21 19:09:12,62.6323,17.9379,32.0,93,100,19.98
232,Rio Gallegos,AR,2022-11-21 19:13:08,-51.6226,-69.2181,71.96,22,100,18.77
233,Kungurtug,RU,2022-11-21 19:13:08,50.5994,97.5228,7.99,98,96,1.23
234,Chicama,PE,2022-11-21 19:13:09,-7.8447,-79.1469,68.54,53,51,9.95
235,Souillac,MU,2022-11-21 19:13:09,-20.5167,57.5167,75.13,71,0,5.32
236,Najran,SA,2022-11-21 19:13:09,17.4924,44.1277,61.63,55,2,4.7
237,Bud,US,2022-11-21 19:13:10,39.447,-86.1758,50.02,32,5,17.29
238,Nagua,DO,2022-11-21 19:13:10,19.3832,-69.8474,84.51,83,40,0.0
239,Abnub,EG,2022-11-21 19:13:10,27.2696,31.1511,71.8,31,8,7.23
240,Becerril,CO,2022-11-21 19:13:11,9.7041,-73.2793,86.68,68,100,2.06
241,Copala,MX,2022-11-21 19:13:11,16.65,-98.9833,84.85,62,1,5.57
242,Yola,NG,2022-11-21 19:13:11,9.2,12.4833,82.99,22,100,0.85
243,Santa Maria,BR,2022-11-21 19:13:12,-29.6842,-53.8069,74.93,71,100,4.92
244,Campbell River,CA,2022-11-21 19:11:18,50.0163,-125.2446,43.59,100,100,0.0
245,Olafsvik,IS,2022-11-21 19:13:12,64.8945,-23.7142,42.33,74,93,18.05
246,Sailana,IN,2022-11-21 19:13:13,23.4667,74.9167,61.77,35,0,6.4
247,Cairns,AU,2022-11-21 19:13:13,-16.9167,145.7667,81.07,85,40,6.91
248,Imperia,IT,2022-11-21 19:13:13,43.9667,7.7833,48.85,88,100,5.35
249,San Pedro,PH,2022-11-21 19:13:14,14.35,121.0167,79.36,89,87,9.24
250,Chabahar,IR,2022-11-21 19:13:14,25.2919,60.643,78.66,67,75,0.45
251,Charters Towers,AU,2022-11-21 19:13:15,-20.1,146.2667,80.6,27,100,8.61
252,Cabo San Lucas,MX,2022-11-21 19:13:15,22.8909,-109.9124,82.62,62,20,4.61
253,Bonavista,CA,2022-11-21 19:13:15,48.6499,-53.1147,32.59,88,100,47.45
254,Nevelsk,RU,2022-11-21 19:13:16,46.6733,141.8633,32.86,92,100,14.76
255,Port Elizabeth,ZA,2022-11-21 19:13:16,-33.918,25.5701,68.09,76,99,13.09
256,Bilibino,RU,2022-11-21 19:13:17,68.0546,166.4372,-28.16,99,96,4.07
257,Sola,VU,2022-11-21 19:13:17,-13.8833,167.55,81.82,75,21,9.8
258,Plettenberg Bay,ZA,2022-11-21 19:13:17,-34.0527,23.3716,62.64,81,100,3.2
259,Kalmunai,LK,2022-11-21 19:13:18,7.4167,81.8167,77.47,78,39,3.8
260,Brownsville,US,2022-11-21 19:13:11,25.9018,-97.4975,48.97,96,100,16.11
261,Hohhot,CN,2022-11-21 19:13:18,40.8106,111.6522,32.25,49,100,1.36
262,Iqaluit,CA,2022-11-21 19:13:19,63.7506,-68.5145,3.31,95,93,1.9
263,Tasiilaq,GL,2022-11-21 19:13:19,65.6145,-37.6368,39.36,90,100,14.18
264,Totolapa,MX,2022-11-21 19:13:19,18.5167,-96.1833,79.16,66,60,4.29
265,Tirukkoyilur,IN,2022-11-21 19:13:20,11.95,79.2,73.83,78,100,4.85
266,Parnu-Jaagupi,EE,2022-11-21 19:13:20,58.6105,24.5069,23.72,95,98,7.29
267,Lewistown,US,2022-11-21 19:13:20,40.5992,-77.5714,46.18,62,0,6.91
268,Ouango,CF,2022-11-21 19:13:21,4.3133,22.5552,73.29,57,78,0.65
269,Salinas,US,2022-11-21 19:13:21,36.6777,-121.6555,67.82,32,0,17.27
270,Den Helder,NL,2022-11-21 19:13:21,52.9599,4.7593,43.02,94,75,15.01
271,Riyadh,SA,2022-11-21 19:13:22,24.6877,46.7219,62.74,28,0,5.77
272,Fethiye,TR,2022-11-21 19:14:22,36.6217,29.1164,69.67,75,74,5.08
273,Luau,AO,2022-11-21 19:14:22,-10.7073,22.2247,64.62,97,100,7.05
274,Tirumullaivasal,IN,2022-11-21 19:14:23,11.2333,79.8333,73.56,83,11,9.44
275,Mezen,RU,2022-11-21 19:14:23,65.8522,44.24,31.19,94,100,3.62
276,San Jose,US,2022-11-21 19:12:38,37.3394,-121.895,64.9,44,75,1.99
277,Seeboden,AT,2022-11-21 19:14:24,46.8219,13.495,40.77,96,70,2.64
278,Beira,MZ,2022-11-21 19:14:24,-19.8436,34.8389,73.49,78,20,4.61
279,Kabalo,CD,2022-11-21 19:14:24,-6.05,26.9167,67.71,97,100,3.49
280,Casablanca,MA,2022-11-21 19:13:37,33.5928,-7.6192,66.33,68,100,1.99
281,Talaya,RU,2022-11-21 19:14:25,61.3833,152.75,0.55,98,100,6.13
282,Sur,OM,2022-11-21 19:14:25,22.5667,59.5289,76.48,66,0,3.04
283,Adrar,MR,2022-11-21 19:14:26,20.5022,-10.0711,73.31,15,0,11.81
284,Khipro,PK,2022-11-21 19:14:26,25.8285,69.3772,73.24,29,0,5.77
285,Chirongui,YT,2022-11-21 19:14:26,-12.9319,45.1483,78.73,76,7,3.31
286,Nalut,LY,2022-11-21 19:14:27,30.3333,10.85,53.46,39,0,6.35
287,Kumbo,CM,2022-11-21 19:14:27,6.2,10.6667,62.08,61,95,5.06
288,Matara,LK,2022-11-21 19:14:27,5.9485,80.5353,75.61,83,76,6.17
289,Kruisfontein,ZA,2022-11-21 19:14:28,-34.0033,24.7314,65.88,82,68,7.23
290,Urumqi,CN,2022-11-21 19:14:28,43.801,87.6005,27.55,86,0,2.24
291,Areka,ET,2022-11-21 19:14:29,7.0667,37.7,64.26,49,43,7.4
292,Quatre Cocos,MU,2022-11-21 19:14:29,-20.2078,57.7625,75.09,73,1,7.87
293,Vrangel,RU,2022-11-21 19:14:29,42.7297,133.0839,33.12,50,0,9.69
294,Axim,GH,2022-11-21 19:14:29,4.8699,-2.2405,78.87,82,21,8.72
295,Indianola,US,2022-11-21 19:14:30,41.3581,-93.5574,48.06,46,15,1.99
296,Jimani,DO,2022-11-21 19:14:30,18.4917,-71.8502,85.89,34,1,4.27
297,Kangaatsiaq,GL,2022-11-21 19:14:31,68.3065,-53.4641,13.68,95,98,6.02
298,Smithers,CA,2022-11-21 19:14:31,54.7804,-127.1743,36.91,98,100,2.93
299,Soderhamn,SE,2022-11-21 19:14:31,61.3037,17.0592,28.96,87,100,10.29
300,Warah,PK,2022-11-21 19:14:32,27.4481,67.7978,70.11,35,0,1.66
301,Ponta Do Sol,PT,2022-11-21 19:14:32,32.6667,-17.1,67.12,62,0,1.88
302,Verkhnevilyuysk,RU,2022-11-21 19:14:32,63.4453,120.3167,-13.31,99,100,1.5
303,Katsuura,JP,2022-11-21 19:14:33,35.1333,140.3,57.22,89,15,10.51
304,Aginskoye,RU,2022-11-21 19:14:33,51.1,114.53,5.7,96,100,2.13
305,Sillamae,EE,2022-11-21 19:14:33,59.3997,27.7547,26.13,80,100,13.67
306,San Patricio,US,2022-11-21 19:14:34,28.017,-97.5169,49.86,86,100,13.31
307,Binzhou,CN,2022-11-21 19:14:34,37.3667,118.0167,47.17,60,100,7.61
308,Avera,US,2022-11-21 19:14:34,33.194,-82.5271,58.55,28,0,5.64
309,Fonte Boa,BR,2022-11-21 19:14:35,-2.4959,-66.2662,82.62,85,100,3.76
310,Warnes,BO,2022-11-21 19:14:35,-17.5,-63.1667,91.89,46,75,14.97
311,Yongan,CN,2022-11-21 19:14:35,39.6957,113.6871,35.92,83,100,3.09
312,Viedma,AR,2022-11-21 19:10:33,-40.8135,-62.9967,69.73,19,0,13.56
313,Kondinskoye,RU,2022-11-21 19:14:36,59.6481,67.41,19.98,90,100,12.33
314,Elesbao Veloso,BR,2022-11-21 19:14:36,-6.2019,-42.1403,98.15,24,73,6.85
315,Sabang,ID,2022-11-21 19:14:37,5.8933,95.3214,80.85,79,100,15.73
316,Tumut,AU,2022-11-21 19:14:37,-35.3,148.2167,41.74,91,100,11.99
317,Ariquemes,BR,2022-11-21 19:14:37,-9.9133,-63.0408,83.34,72,100,3.47
318,Mao,ES,2022-11-21 19:14:38,39.8885,4.2658,63.16,88,40,21.85
319,Necochea,AR,2022-11-21 19:15:38,-38.5473,-58.7368,58.15,81,96,17.36
320,Ribeira Grande,PT,2022-11-21 19:15:39,38.5167,-28.7,67.77,94,40,19.57
321,Luanda,AO,2022-11-21 19:12:22,-8.8368,13.2343,78.8,78,0,6.91
322,Sao Luis Do Quitunde,BR,2022-11-21 19:15:39,-9.3183,-35.5611,81.84,65,100,8.99
323,Portland,US,2022-11-21 19:11:20,45.5234,-122.6762,48.47,53,100,11.99
324,Richards Bay,ZA,2022-11-21 19:15:39,-28.783,32.0377,70.34,71,83,12.71
325,Lompoc,US,2022-11-21 19:15:40,34.6391,-120.4579,73.85,23,0,4.61
326,Daru,PG,2022-11-21 19:15:40,-9.0763,143.2092,79.59,82,100,3.89
327,Imbituba,BR,2022-11-21 19:12:26,-28.24,-48.6703,77.94,70,100,20.58
328,Paamiut,GL,2022-11-21 19:15:41,61.994,-49.6678,20.44,87,65,3.71
329,Maniitsoq,GL,2022-11-21 19:15:41,65.4167,-52.9,20.03,81,100,3.74
330,Punta Gorda,US,2022-11-21 19:15:41,26.9298,-82.0454,79.0,82,100,18.41
331,Slave Lake,CA,2022-11-21 19:15:20,55.2834,-114.769,39.92,65,2,14.7
332,Umm Lajj,SA,2022-11-21 19:15:42,25.0213,37.2685,80.51,62,0,12.73
333,Leningradskiy,RU,2022-11-21 19:15:42,69.3833,178.4167,-13.34,84,99,11.1
334,Mapiripan,CO,2022-11-21 19:15:42,2.8892,-72.1256,85.15,67,67,9.98
335,Aksu,CN,2022-11-21 19:15:43,41.1231,80.2644,39.34,32,100,2.24
336,Chkalovsk,RU,2022-11-21 19:15:43,56.7647,43.2433,23.22,90,86,7.74
337,Erenhot,CN,2022-11-21 19:15:43,43.6475,111.9767,31.41,46,37,13.02
338,Taksimo,RU,2022-11-21 19:15:44,56.3444,114.8794,-4.41,93,100,1.95
339,Mehran,IR,2022-11-21 19:15:44,33.1222,46.1646,67.59,33,6,1.68
340,Miri,MY,2022-11-21 19:15:44,4.4148,114.0089,76.42,93,65,4.29
341,Batsfjord,NO,2022-11-21 19:15:45,70.6345,29.7185,39.13,93,75,5.75
342,Mitsamiouli,KM,2022-11-21 19:15:45,-11.3847,43.2844,78.31,79,0,7.05
343,Payo,ID,2022-11-21 19:15:45,-3.7508,103.6372,73.0,88,99,0.51
344,Kamaishi,JP,2022-11-21 19:15:46,39.2667,141.8833,53.1,81,2,7.83
345,Bikaner,IN,2022-11-21 19:15:46,28.0167,73.3,63.03,33,0,2.86
346,Honningsvag,NO,2022-11-21 19:15:46,70.9821,25.9704,33.55,93,100,11.5
347,Kieta,PG,2022-11-21 19:15:47,-6.2167,155.6333,77.61,77,14,2.37
348,Veraval,IN,2022-11-21 19:15:47,20.9,70.3667,74.44,39,2,8.95
349,Yeppoon,AU,2022-11-21 19:15:47,-23.1333,150.7333,74.98,60,65,9.37
350,Burns Lake,CA,2022-11-21 19:15:07,54.2331,-125.7533,34.16,93,100,4.32
351,La Ronge,CA,2022-11-21 19:15:48,55.1001,-105.2842,23.25,80,100,9.22
352,Kuytun,RU,2022-11-21 19:15:48,54.3419,101.5036,5.16,96,100,1.32
353,Illapel,CL,2022-11-21 19:15:48,-31.6308,-71.1653,82.99,25,12,10.51
354,Champerico,GT,2022-11-21 19:15:49,14.3,-91.9167,91.94,72,100,4.81
355,Sawakin,SD,2022-11-21 19:15:49,19.1059,37.3321,83.53,67,82,6.58
356,Thompson,CA,2022-11-21 19:15:43,55.7435,-97.8558,15.96,86,100,9.22
357,Grand Gaube,MU,2022-11-21 19:15:49,-20.0064,57.6608,75.38,72,3,1.01
358,Concordia,AR,2022-11-21 19:15:50,-31.393,-58.0209,65.79,94,100,18.01
359,Batticaloa,LK,2022-11-21 19:15:50,7.7102,81.6924,78.1,77,35,3.85
360,Aykhal,RU,2022-11-21 19:15:50,66.0,111.5,-18.8,100,96,4.85
361,Saint Anthony,US,2022-11-21 19:15:51,45.0205,-93.218,32.9,58,0,9.22
362,Broome,US,2022-11-21 19:15:51,42.2506,-75.833,39.02,43,0,10.36
363,Kimbe,PG,2022-11-21 19:15:51,-5.5502,150.1429,76.1,92,15,1.9
364,Sabancuy,MX,2022-11-21 19:15:52,18.9667,-91.1833,77.74,84,100,3.33
365,Kilindoni,TZ,2022-11-21 19:16:52,-7.9139,39.6668,80.56,81,97,13.56
366,Sakakah,SA,2022-11-21 19:16:52,29.9697,40.2064,62.17,43,20,7.54
367,Yerbogachen,RU,2022-11-21 19:16:53,61.2767,108.0108,-6.72,98,100,1.77
368,Saint Stephen,GB,2022-11-21 19:16:53,50.3333,-4.9,48.47,76,40,19.57
369,Ukiah,US,2022-11-21 19:13:37,39.1502,-123.2078,65.37,28,100,1.14
370,Santa Cruz,BO,2022-11-21 19:13:25,-17.8,-63.1667,90.86,46,75,14.97
371,Boende,CD,2022-11-21 19:16:54,-0.2167,20.8667,72.23,95,100,5.5
372,Faya,SA,2022-11-21 19:16:54,18.3851,42.4509,60.91,55,28,4.65
373,Batagay,RU,2022-11-21 19:16:54,67.6333,134.6333,-32.71,100,91,1.57
374,Ugoofaaru,MV,2022-11-21 19:16:55,5.6667,73.0,81.45,67,87,11.34
375,Eyl,SO,2022-11-21 19:16:55,7.9803,49.8164,77.99,64,88,19.37
376,Amot,NO,2022-11-21 19:16:55,59.5714,7.9877,25.75,86,98,8.55
377,Tevaitoa,PF,2022-11-21 19:16:56,-16.7833,-151.5,78.85,75,91,16.75
378,Fuyang,CN,2022-11-21 19:16:56,32.9,115.8167,56.41,95,100,8.39
379,Dingle,PH,2022-11-21 19:16:56,10.9995,122.6711,75.34,90,100,5.64
380,Anchorage,US,2022-11-21 19:13:34,61.2181,-149.9003,38.68,90,75,5.75
381,Sao Filipe,CV,2022-11-21 19:16:57,14.8961,-24.4956,77.27,64,79,11.23
382,Sibolga,ID,2022-11-21 19:16:57,1.7427,98.7792,74.64,89,69,2.55
383,Cockburn Town,TC,2022-11-21 19:12:43,21.4612,-71.1419,81.36,75,1,21.16
384,Monroe,US,2022-11-21 19:16:57,43.1501,-77.6831,44.96,38,75,19.57
385,Moncton,CA,2022-11-21 19:15:31,46.1159,-64.8019,27.32,38,4,10.65
386,Arman,RU,2022-11-21 19:16:58,59.7,150.1667,22.68,93,100,10.98
387,San Ignacio,BZ,2022-11-21 19:16:58,17.1561,-89.0714,75.34,94,100,4.61
388,Talitsa,RU,2022-11-21 19:16:58,56.8804,60.0213,9.14,84,72,11.03
389,Manaus,BR,2022-11-21 19:16:59,-3.1019,-60.025,93.7,46,75,4.61
390,San Quintin,MX,2022-11-21 19:16:59,30.4833,-115.95,70.14,25,81,4.12
391,Chifeng,CN,2022-11-21 19:16:59,42.2683,118.9636,32.41,45,100,3.44
392,Busko-Zdroj,PL,2022-11-21 19:17:00,50.4708,20.7188,37.09,93,100,3.38
393,Geraldton,AU,2022-11-21 19:17:00,-28.7667,114.6,68.41,34,11,9.22
394,Chandler,US,2022-11-21 19:16:08,33.3062,-111.8412,70.72,24,0,5.75
395,Kodinsk,RU,2022-11-21 19:17:00,58.6881,99.1844,-0.13,89,100,10.13
396,Husavik,IS,2022-11-21 19:17:01,66.0449,-17.3389,40.51,76,79,17.0
397,Abrau-Dyurso,RU,2022-11-21 19:17:01,44.69,37.59,60.26,77,100,12.3
398,Olinda,BR,2022-11-21 19:17:01,-8.0089,-34.8553,82.13,65,75,10.36
399,Talnakh,RU,2022-11-21 19:17:02,69.4865,88.3972,-24.32,94,97,2.01
400,Korla,CN,2022-11-21 19:17:03,41.7597,86.1469,35.74,42,79,3.62
401,Diffa,NE,2022-11-21 19:17:03,13.3154,12.6113,75.87,15,20,9.57
402,Kwekwe,ZW,2022-11-21 19:17:04,-18.9281,29.8149,70.39,62,8,5.44
403,Huarmey,PE,2022-11-21 19:17:04,-10.0681,-78.1522,70.97,72,19,10.0
404,Nishihara,JP,2022-11-21 19:17:04,26.1842,127.7558,72.68,94,20,5.75
405,Del Rio,US,2022-11-21 19:17:05,29.3627,-100.8968,51.13,71,100,1.01
406,Gambela,ET,2022-11-21 19:17:05,8.25,34.5833,77.04,63,2,3.49
407,Kirakira,SB,2022-11-21 19:17:06,-10.4544,161.9205,80.71,78,86,5.99
408,Vestmannaeyjar,IS,2022-11-21 19:17:06,63.4427,-20.2734,45.73,82,82,27.16
409,Gazli,UZ,2022-11-21 19:17:06,40.1333,63.45,53.02,57,11,7.11
410,Salamiyah,SY,2022-11-21 19:17:07,35.0113,37.0532,61.47,43,100,11.48
411,Fernandina Beach,US,2022-11-21 19:17:07,30.6697,-81.4626,70.09,81,100,11.5
412,Nyimba,ZM,2022-11-21 19:17:07,-14.5566,30.8149,80.55,49,0,11.92
413,Tondano,ID,2022-11-21 19:18:08,1.3038,124.9112,69.89,88,100,0.76
414,Labuhan,ID,2022-11-21 19:18:08,-6.8844,112.2051,79.03,84,88,8.03
415,Muzhi,RU,2022-11-21 19:18:08,65.3667,64.6667,-7.2,89,14,8.12
416,Djibo,BF,2022-11-21 19:18:09,14.1022,-1.6306,81.03,12,98,9.42
417,Egvekinot,RU,2022-11-21 19:18:09,66.3167,-179.1667,-13.23,86,100,12.3
418,Khani,GE,2022-11-21 19:18:09,41.9563,42.9566,54.97,51,100,7.56
419,Ternate,ID,2022-11-21 19:18:10,0.8,127.4,81.19,80,100,7.02
420,Ekibastuz,KZ,2022-11-21 19:18:10,51.6667,75.3667,14.47,95,81,5.21
421,Saint-Joseph,RE,2022-11-21 19:18:11,-21.3667,55.6167,73.78,75,6,1.25
422,Berga,NO,2022-11-21 19:18:11,60.392,5.328,38.16,42,0,10.36
423,Phonhong,LA,2022-11-21 19:18:11,18.5007,102.4166,76.24,79,100,2.28
424,Coleraine,GB,2022-11-21 19:18:12,55.1333,-6.6667,46.31,92,100,19.15
425,Nobeoka,JP,2022-11-21 19:18:12,32.5833,131.6667,57.78,72,100,4.27
426,Mehamn,NO,2022-11-21 19:18:12,71.0357,27.8492,39.11,100,75,0.0
427,Yukamenskoye,RU,2022-11-21 19:18:13,57.8865,52.2416,10.09,88,5,3.4
428,Tuatapere,NZ,2022-11-21 19:18:13,-46.1333,167.6833,52.41,87,96,5.5
429,Caravelas,BR,2022-11-21 19:18:13,-17.7125,-39.2481,73.67,88,100,7.7
430,Yartsevo,RU,2022-11-21 19:18:14,55.0667,32.6964,25.84,91,100,10.36
431,Laela,TZ,2022-11-21 19:18:14,-8.5667,32.05,68.54,72,96,2.55
432,Mirabad,AF,2022-11-21 19:18:15,30.4362,61.8383,61.18,30,0,10.58
433,Mayo,US,2022-11-21 19:18:15,38.8876,-76.5119,49.77,53,0,18.01
434,Nyahururu,KE,2022-11-21 19:18:15,0.0421,36.3673,53.29,92,99,7.87
435,Arlit,NE,2022-11-21 19:18:16,18.7369,7.3853,77.88,11,100,12.84
436,Umm Kaddadah,SD,2022-11-21 19:18:16,13.6017,26.6876,75.02,23,0,11.1
437,Livingston,GB,2022-11-21 19:18:16,55.9029,-3.5226,42.35,90,75,10.36
438,Diamantino,BR,2022-11-21 19:17:24,-14.4086,-56.4461,86.49,52,100,6.73
439,Hobyo,SO,2022-11-21 19:18:17,5.3505,48.5268,80.89,70,5,15.39
440,Sisimiut,GL,2022-11-21 19:18:17,66.9395,-53.6735,19.42,92,100,8.25
441,Makakilo City,US,2022-11-21 19:18:17,21.3469,-158.0858,79.12,59,0,18.41
442,Keti Bandar,PK,2022-11-21 19:18:18,24.1447,67.4497,78.26,70,2,7.4
443,Lilongwe,MW,2022-11-21 19:18:18,-13.9669,33.7873,76.57,53,1,7.78
444,Mondlo,ZA,2022-11-21 19:18:19,-27.983,30.7177,62.82,63,40,6.91
445,Skibbereen,IE,2022-11-21 19:18:19,51.55,-9.2667,49.1,82,100,31.52
446,Pandamatenga,BW,2022-11-21 19:18:19,-18.5278,25.627,80.49,40,7,6.38
447,Entebbe,UG,2022-11-21 19:18:20,0.0644,32.4469,71.92,68,20,2.3
448,Soyo,AO,2022-11-21 19:18:20,-6.1349,12.3689,75.61,88,100,1.16
449,Lakes Entrance,AU,2022-11-21 19:18:20,-37.8811,147.981,47.16,81,95,20.67
450,The Valley,AI,2022-11-21 19:18:21,18.217,-63.0578,84.06,83,20,16.11
451,Galle,LK,2022-11-21 19:18:21,6.0367,80.217,76.77,82,64,5.46
452,Altagracia De Orituco,VE,2022-11-21 19:18:21,9.8601,-66.3814,82.27,63,38,5.21
453,Port Augusta,AU,2022-11-21 19:18:22,-32.5,137.7667,52.52,62,100,8.81
454,Kundla,IN,2022-11-21 19:18:22,21.3333,71.3,69.71,35,1,6.78
455,Paragominas,BR,2022-11-21 19:17:51,-2.9667,-47.4833,87.8,52,97,4.0
456,Hualmay,PE,2022-11-21 19:18:23,-11.0964,-77.6139,70.05,72,34,8.1
457,Lorengau,PG,2022-11-21 19:18:23,-2.0226,147.2712,80.94,72,99,6.02
458,Kishtwar,IN,2022-11-21 19:18:24,33.3167,75.7667,41.52,48,100,6.06
459,Abu Dhabi,AE,2022-11-21 19:18:19,24.4667,54.3667,78.91,68,0,5.75
460,Luganville,VU,2022-11-21 19:19:24,-15.5333,167.1667,79.32,84,42,5.39
461,Westlock,CA,2022-11-21 19:19:24,54.1502,-113.8688,32.77,82,24,10.11
462,Ponta Delgada,PT,2022-11-21 19:19:25,37.7333,-25.6667,68.5,94,40,16.11
463,Zhangye,CN,2022-11-21 19:19:25,38.9342,100.4517,37.67,32,16,8.5
464,Esperance,AU,2022-11-21 19:19:25,-33.8667,121.9,52.38,77,0,11.14
465,Awjilah,LY,2022-11-21 19:19:26,29.1081,21.2869,63.41,61,0,11.56
466,Comodoro Rivadavia,AR,2022-11-21 19:16:32,-45.8667,-67.5,82.26,8,0,14.97
467,Ahuimanu,US,2022-11-21 19:19:26,21.4447,-157.8378,80.31,63,40,18.41
468,Moctezuma,MX,2022-11-21 19:19:27,29.8,-109.6667,65.66,32,6,5.01
469,Guerrero Negro,MX,2022-11-21 19:16:16,27.9769,-114.0611,73.0,30,26,2.39
470,Emerald,AU,2022-11-21 19:19:27,-23.5333,148.1667,71.64,27,64,13.94
471,Bundaberg,AU,2022-11-21 19:19:27,-24.85,152.35,71.22,77,100,1.99
472,Praia Da Vitoria,PT,2022-11-21 19:19:28,38.7333,-27.0667,68.25,83,40,15.43
473,Placido De Castro,BR,2022-11-21 19:19:28,-10.3353,-67.1856,94.75,39,100,3.04
474,Nabire,ID,2022-11-21 19:19:29,-3.3667,135.4833,75.87,90,99,2.93
475,Lososina,RU,2022-11-21 19:19:29,48.9975,140.3106,24.35,51,2,13.8
476,Pierre,US,2022-11-21 19:19:29,44.3683,-100.351,40.86,51,0,5.01
477,Lake City,US,2022-11-21 19:15:41,30.1897,-82.6393,71.62,60,0,8.05
478,Yumen,CN,2022-11-21 19:19:30,40.2833,97.2,38.03,40,99,18.5
479,Pringsewu,ID,2022-11-21 19:19:30,-5.3582,104.9744,73.4,94,99,3.49
480,Monterey,US,2022-11-21 19:19:30,36.2505,-121.2516,58.17,40,100,1.99
481,Visaginas,LT,2022-11-21 19:19:31,55.6,26.4167,24.46,94,100,5.91
482,Mareeba,AU,2022-11-21 19:19:31,-17.0,145.4333,76.44,81,91,2.71
483,Quartucciu,IT,2022-11-21 19:19:31,39.2519,9.1794,66.0,73,40,11.5
484,Zaranj,AF,2022-11-21 19:19:32,30.9667,61.8833,57.16,28,0,13.47
485,Shalyhyne,UA,2022-11-21 19:19:32,51.5717,34.1217,35.11,100,100,16.22
486,Tyler,US,2022-11-21 19:16:07,32.3513,-95.3011,53.29,56,100,3.0
487,Margate,GB,2022-11-21 19:19:32,51.3813,1.3862,46.9,82,99,10.0
488,Oranjemund,NA,2022-11-21 19:19:33,-28.55,16.4333,61.97,80,100,6.29
489,Bagdarin,RU,2022-11-21 19:19:33,54.4333,113.6,4.46,92,100,1.03
490,Los Andes,CL,2022-11-21 19:19:34,-32.8337,-70.5983,86.02,11,7,8.25
491,Lazaro Cardenas,MX,2022-11-21 19:19:35,17.9583,-102.2,84.0,64,16,7.11
492,Katangli,RU,2022-11-21 19:19:35,51.7102,143.2326,16.48,93,12,5.44
493,Taree,AU,2022-11-21 19:19:35,-31.9,152.4667,56.98,46,0,10.69
494,Ulaangom,MN,2022-11-21 19:19:36,49.9811,92.0667,8.44,87,68,4.29
495,Howick,ZA,2022-11-21 19:19:36,-29.4779,30.2306,59.34,88,100,2.75
496,Pevek,RU,2022-11-21 19:19:36,69.7008,170.3133,-6.43,97,100,9.78
497,Zomba,MW,2022-11-21 19:19:37,-15.386,35.3188,70.86,73,3,4.83
498,Kirovskiy,RU,2022-11-21 19:19:37,45.0917,133.5136,22.17,72,0,4.27
499,Hayden,US,2022-11-21 19:19:37,47.766,-116.7866,35.49,70,40,6.91
500,Dalnegorsk,RU,2022-11-21 19:19:38,44.5604,135.5701,18.19,81,4,7.25
501,Douentza,ML,2022-11-21 19:19:38,14.9951,-2.9517,81.12,11,100,8.12
502,Poum,NC,2022-11-21 19:19:39,-20.2333,164.0167,80.04,81,8,13.09
503,Port Alberni,CA,2022-11-21 19:19:39,49.2413,-124.8028,44.44,93,100,1.01
504,Kutum,SD,2022-11-21 19:19:39,14.2,24.6667,68.95,18,0,6.87
505,Tiebissou,CI,2022-11-21 19:19:40,7.1574,-5.2257,73.49,59,59,1.45
506,Almaznyy,RU,2022-11-21 19:20:40,48.0448,40.045,54.3,81,100,3.62
507,Sangar,RU,2022-11-21 19:20:40,63.9242,127.4739,-27.63,99,100,1.52
508,Riohacha,CO,2022-11-21 19:17:31,11.5444,-72.9072,85.28,68,100,11.65
509,Ikalamavony,MG,2022-11-21 19:20:41,-21.15,46.5833,71.62,68,51,3.0
510,Jawhar,SO,2022-11-21 19:20:41,2.7809,45.5005,74.66,84,6,7.0
511,Barguzin,RU,2022-11-21 19:20:41,53.6167,109.6167,13.77,96,100,3.22
512,Nara,JP,2022-11-21 19:20:42,34.6851,135.8049,50.97,86,83,1.92
513,Clyde,US,2022-11-21 19:20:42,41.3042,-82.9752,48.56,30,100,22.82
514,Annau,TM,2022-11-21 19:20:43,37.8876,58.516,47.7,87,0,2.3
515,Airai,TL,2022-11-21 19:20:43,-8.9266,125.4092,62.53,92,100,1.57
516,Jacqueville,CI,2022-11-21 19:20:43,5.2052,-4.4146,81.5,77,56,11.36
517,Bandarbeyla,SO,2022-11-21 19:20:44,9.4942,50.8122,78.49,71,100,21.74
518,Kimberley,ZA,2022-11-21 19:20:44,-28.7323,24.7623,71.29,33,100,8.05
519,Camacha,PT,2022-11-21 19:17:24,33.0833,-16.3333,63.82,72,40,6.91
520,Forbes,AU,2022-11-21 19:20:45,-33.3833,148.0167,47.91,66,4,9.75
521,Zonguldak,TR,2022-11-21 19:20:45,41.25,31.8333,55.09,72,100,2.24
522,Newton Stewart,GB,2022-11-21 19:20:45,54.9578,-4.4832,41.86,90,100,13.67
523,Zhob,PK,2022-11-21 19:20:46,31.3411,69.4481,52.3,39,0,4.68
524,Amloh,IN,2022-11-21 19:20:46,30.6084,76.2319,61.05,41,0,4.65
525,Loa Janan,ID,2022-11-21 19:20:46,-0.583,117.095,74.12,98,100,0.51
526,Satipo,PE,2022-11-21 19:20:47,-11.2522,-74.6386,93.74,39,78,2.35
527,Kushiro,JP,2022-11-21 19:20:47,42.975,144.3747,49.48,90,18,11.88
528,Beroroha,MG,2022-11-21 19:20:47,-21.6667,45.1667,76.75,38,0,4.61
529,Havoysund,NO,2022-11-21 19:20:48,70.9963,24.6622,34.03,84,62,11.16
530,Lima,PE,2022-11-21 19:18:08,-12.0432,-77.0282,68.25,68,40,9.22
531,Chissamba,AO,2022-11-21 19:20:48,-12.1667,17.3333,62.74,94,98,3.74
532,Kumylzhenskaya,RU,2022-11-21 19:20:48,49.8809,42.5898,44.98,97,100,1.95
533,Nizhniy Baskunchak,RU,2022-11-21 19:20:49,48.2198,46.8311,51.39,86,100,9.28
534,Dossor,KZ,2022-11-21 19:20:49,47.5272,52.9811,42.87,81,100,7.47
535,Guymon,US,2022-11-21 19:20:50,36.6828,-101.4816,55.4,22,0,2.53
536,Touros,BR,2022-11-21 19:20:50,-5.1989,-35.4608,81.39,62,5,16.13
537,Warren,US,2022-11-21 19:15:51,39.4334,-84.1666,48.94,32,0,18.41
538,Hambantota,LK,2022-11-21 19:20:51,6.1241,81.1185,77.59,76,65,10.07
539,Tabou,CI,2022-11-21 19:20:51,4.423,-7.3528,78.71,81,26,6.96
540,Ajdabiya,LY,2022-11-21 19:20:52,30.7554,20.2263,65.5,64,1,8.57
541,La Seyne-Sur-Mer,FR,2022-11-21 19:20:52,43.0982,5.8847,56.61,86,100,10.0
542,Rio Pardo De Minas,BR,2022-11-21 19:20:52,-15.6097,-42.5397,73.11,73,99,2.66
543,Ucluelet,CA,2022-11-21 19:20:53,48.9329,-125.5528,48.09,81,100,1.01
544,Saint-Augustin,CA,2022-11-21 19:20:53,51.226,-58.6502,22.77,74,100,19.57
545,Mana,GF,2022-11-21 19:20:53,5.6592,-53.7767,83.66,72,87,11.61
546,Donskoye,RU,2022-11-21 19:20:54,45.4552,41.9741,58.62,60,100,8.16
547,Zharkent,KZ,2022-11-21 19:20:54,44.1628,80.0,38.95,87,100,3.67
548,Nouadhibou,MR,2022-11-21 19:21:55,20.931,-17.0347,75.18,53,0,5.75
549,Takoradi,GH,2022-11-21 19:21:55,4.8845,-1.7554,79.47,80,34,10.25
550,Tsevie,TG,2022-11-21 19:21:55,6.4261,1.2133,81.48,79,25,7.31
551,Nantucket,US,2022-11-21 19:21:56,41.2835,-70.0995,39.34,63,100,16.11
552,Wenceslau Braz,BR,2022-11-21 19:20:29,-23.8739,-49.8028,83.14,39,100,2.93
553,Maragogi,BR,2022-11-21 19:21:56,-9.0122,-35.2225,80.06,67,100,10.0
554,Syamzha,RU,2022-11-21 19:21:57,60.0158,41.0614,11.48,96,32,1.19
555,Port Hedland,AU,2022-11-21 19:21:57,-20.3167,118.5667,71.65,73,100,16.11
556,Iberia,US,2022-11-21 19:20:38,29.9502,-91.7507,57.27,35,0,8.05
557,Nueva Loja,EC,2022-11-21 19:21:58,0.0847,-76.8828,89.91,48,100,3.11
558,Juneau,US,2022-11-21 19:21:58,58.3019,-134.4197,44.22,94,100,24.16
559,Liku,ID,2022-11-21 19:21:59,-0.7275,119.8922,75.97,92,100,2.28
560,Beringovskiy,RU,2022-11-21 19:21:59,63.05,179.3167,-5.58,91,54,21.41
561,Cheney,US,2022-11-21 19:18:38,47.4874,-117.5758,35.26,64,20,5.75
562,Lata,PT,2022-11-21 19:22:00,40.1629,-8.3327,58.82,85,100,8.1
563,Masterton,NZ,2022-11-21 19:22:00,-40.9597,175.6575,60.89,70,12,7.34
564,Atar,MR,2022-11-21 19:22:00,20.5169,-13.0499,78.67,12,0,10.38
565,Maceio,BR,2022-11-21 19:22:01,-9.6658,-35.7353,81.84,69,20,14.97
566,Sechura,PE,2022-11-21 19:22:01,-5.5569,-80.8222,74.62,58,21,15.77
567,Madimba,TZ,2022-11-21 19:22:01,-10.4,40.3333,77.36,84,37,6.44
568,Yakeshi,CN,2022-11-21 19:22:02,49.2833,120.7333,-8.93,99,54,2.8
569,Biograd Na Moru,HR,2022-11-21 19:22:02,43.9433,15.4519,49.75,70,10,8.46
570,Dalton,US,2022-11-21 19:22:03,34.7698,-84.9702,57.06,29,0,5.75
571,Great Bend,US,2022-11-21 19:22:03,38.3645,-98.7648,57.61,23,0,4.61
572,Palasa,IN,2022-11-21 19:22:03,18.7667,84.4167,73.24,67,84,5.23
573,Bemidji,US,2022-11-21 19:22:04,47.4736,-94.8803,27.05,80,0,0.0
